id,name,age,gender,department,position,salary,joining_date,experience_years,last_modified_timestamp,historical_flag,incremental_flag
1,Amit Kumar,30,Male,IT,Software Engineer,70000,15-07-2026,6,10:10:10,N,Y
2,Priya,28,Female,HR,HR Manager,75000,15-07-2026,6,23:40:10,N,Y
3,Rohan Das,35,Male,Finance,Finance Manager,85000,15-07-2026,10,13:10:10,N,Y
4,Sneha Patel,27,Female,Marketing,Marketing Executive,63000,15-07-2026,3,10:10:10,N,Y
5,Vikram Singh,40,Male,IT,Project Manager,150000,15-07-2026,15,04:40:10,N,Y
6,Neha Gupta,32,Female,IT,Data Scientist,95000,15-07-2026,10,18:10:10,N,Y
7,Rajesh,45,Male,Operations,Operations Head,150000,15-07-2026,20,15:10:10,N,Y
8,Kavita Nair,29,Female,Sales,Sales Head,75000,15-07-2026,5,04:40:10,N,Y
9,Arjun Verma,26,Male,IT,Sr DevOps Engineer,72000,15-07-2026,3,18:10:10,N,Y
10,Pooja Reddy,31,Female,Finance,Accountant,70000,15-07-2026,7,15:10:10,N,Y
11,Manish Tiwari,36,Male,IT,Backend Developer,80000,15-07-2026,11,09:40:10,N,Y
12,Sonia Jain,25,Female,HR,Recruiter,55000,15-07-2026,5,23:10:10,N,Y
13,Deepak Joshi,38,Male,IT,Tech Lead,120000,15-07-2026,14,10:10:10,N,Y
14,Anjali Chauhan,33,Female,Marketing,SEO Specialist,72000,15-07-2026,9,23:40:10,N,Y
15,Harish Kumar,27,Male,Sales,Business Analyst,70000,15-07-2026,3,13:10:10,N,Y
17,Suresh Babu,42,Male,Operations,Supply Chain Manager,125000,15-07-2026,18,10:10:10,N,Y
18,Meenal Kapoor,30,Female,Finance,Financial Analyst,74000,15-07-2026,4,04:40:10,N,Y
19,Naveen Iyer,34,Male,IT,Sr Cloud Engineer,92000,15-07-2026,9,18:10:10,N,Y
20,Swati Agarwal,26,Female,HR,HR Coordinator,65000,15-07-2026,2,15:10:10,N,Y
21,Manoj Iyer,43,Female,Operations,Software Engineer,34564,15-07-2026,22,04:40:10,N,Y
22,Kavita Iyer,30,Female,Finance,Analyst,66836,15-07-2026,10,18:10:10,N,Y
23,Ananya Sharma,53,Female,Operations,Developer,93062,15-07-2026,31,15:10:10,N,Y
24,Kavita Sharma,24,Female,Finance,Administrator,74204,15-07-2026,5,09:40:10,N,Y
25,Kavita Chopra,28,Male,IT,Software Engineer,32508,15-07-2026,9,23:10:10,N,Y
26,Neha Reddy,59,Male,Operations,Sr Consultant,111450,15-07-2026,37,10:10:10,N,Y
27,Suresh Sharma,45,Female,IT,Data Analyst,84240,15-07-2026,23,23:40:10,N,Y
28,Vikram Kapoor,52,Female,IT,Administrator,104129,15-07-2026,35,13:10:10,N,Y
29,Sonya Reddy,57,Female,HR,Software Engineer,70619,15-07-2026,40,10:10:10,N,Y
30,Priya Pillai,36,Female,Operations,Sr Administrator,107297,15-07-2026,14,04:40:10,N,Y
31,Amit Joshi,30,Female,HR,Sr Analyst,48615,15-07-2026,8,18:10:10,N,Y
32,Vikram Reddy,47,Female,Marketing,Sr Software Engineer,60909,15-07-2026,25,15:10:10,N,Y
33,Ananya Joshi,60,Male,Finance,Consultant,105745,15-07-2026,40,04:40:10,N,Y
34,Sonya Reddy,54,Male,IT,Analyst,108450,15-07-2026,35,18:10:10,N,Y
35,Manoj Sharma,60,Male,Finance,Consultant,49318,15-07-2026,41,15:10:10,N,Y
36,Suresh Verma,48,Female,Finance,Sr Administrator,40457,15-07-2026,26,09:40:10,N,Y
37,Suresh Verma,45,Male,IT,Analyst,45189,15-07-2026,24,23:10:10,N,Y
38,Neha Pillai,40,Female,HR,Manager,30275,15-07-2026,19,10:10:10,N,Y
39,Manoj Pillai,43,Male,HR,Software Engineer,105472,15-07-2026,20,23:40:10,N,Y
40,Sonya Verma,44,Female,Marketing,Administrator,62615,15-07-2026,23,13:10:10,N,Y
41,Amit Iyer,26,Female,IT,Sr Analyst,107276,15-07-2026,5,10:10:10,N,Y
42,Rajesh Verma,55,Female,Operations,Sr Consultant,46918,15-07-2026,33,04:40:10,N,Y
43,Manoj Kapoor,39,Male,IT,Sr Software Engineer,54729,15-07-2026,17,18:10:10,N,Y
44,Sonya Iyer,28,Male,IT,Consultant,90091,15-07-2026,16,15:10:10,N,Y
45,Vikram Joshi,39,Female,Operations,Analyst,65128,15-07-2026,20,04:40:10,N,Y
46,Vikram Reddy,33,Male,IT,Consultant,113196,15-07-2026,14,18:10:10,N,Y
47,Vikram Verma,29,Female,Operations,Consultant,80765,15-07-2026,27,15:10:10,N,Y
48,Vikram Pillai,43,Female,Operations,Consultant,104910,15-07-2026,22,09:40:10,N,Y
49,Vikram Mehta,23,Female,Operations,Deputy Manager,77171,15-07-2026,1,23:10:10,N,Y
50,Priya Mehta,30,Male,Finance,Sr Administrator,80113,15-07-2026,8,10:10:10,N,Y
51,Manoj Pillai,29,Female,IT,Sr Software Engineer,79816,15-07-2026,7,23:40:10,N,Y
52,Sonya Verma,57,Male,Marketing,Sr Consultant,31954,15-07-2026,35,13:10:10,N,Y
53,Amit Nair,58,Male,Finance,Project Manager,80316,15-07-2026,36,10:10:10,N,Y
54,Rajesh Mehta,45,Female,Marketing,Sr Software Engineer,115632,15-07-2026,23,04:40:10,N,Y
55,Amit Sharma,27,Male,HR,Sr Analyst,33004,15-07-2026,5,18:10:10,N,Y
56,Ananya Nair,25,Female,Finance,Sr Analyst,61846,15-07-2026,3,15:10:10,N,Y
57,Rajesh Reddy,26,Male,Operations,Administrator,95114,15-07-2026,24,04:40:10,N,Y
58,Sonya Pillai,54,Male,HR,Software Engineer,37164,15-07-2026,33,18:10:10,N,Y
59,Manoj Sharma,38,Male,Operations,Analyst,62108,15-07-2026,19,15:10:10,N,Y
60,Rajesh Mehta,26,Male,HR,Consultant,30577,15-07-2026,24,09:40:10,N,Y
61,Vikram Verma,44,Male,HR,Administrator,117799,15-07-2026,25,23:10:10,N,Y
62,Suresh Verma,43,Male,Finance,Administrator,79458,15-07-2026,22,10:10:10,N,Y
63,Manoj Kapoor,41,Female,Finance,Consultant,74392,15-07-2026,20,23:40:10,N,Y
64,Priya Reddy,34,Female,Finance,Analyst,82450,15-07-2026,16,13:10:10,N,Y
65,Neha Reddy,22,Female,HR,Administrator,56069,15-07-2026,20,10:10:10,N,Y
66,Amit Verma,44,Male,IT,Sr Consultant,42818,15-07-2026,22,04:40:10,N,Y
67,Vikram Mehta,37,Female,HR,Sr Analyst,56917,15-07-2026,15,18:10:10,N,Y
68,Neha Kapoor,54,Female,Finance,Jr Administrator,106072,15-07-2026,32,15:10:10,N,Y
69,Neha Nair,47,Male,Finance,Sr Software Engineer,107756,15-07-2026,25,04:40:10,N,Y
70,Neha Joshi,45,Male,Finance,Team Manager,35265,15-07-2026,23,18:10:10,N,Y
71,Ananya Mehta,54,Male,IT,Sr Analyst,30264,15-07-2026,32,15:10:10,N,Y
72,Sonya Joshi,57,Female,Operations,Sr Consultant,110903,15-07-2026,35,09:40:10,N,Y
73,Manoj Pillai,48,Female,Operations,Sr Consultant,104504,15-07-2026,26,23:10:10,N,Y
74,Ananya Mehta,39,Male,Operations,Consultant,64995,15-07-2026,22,10:10:10,N,Y
75,Sonya Pillai,42,Male,IT,Administrator,52563,15-07-2026,21,23:40:10,N,Y
76,Ananya Kapoor,22,Male,HR,Consultant,41237,15-07-2026,4,13:10:10,N,Y
77,Rajesh Joshi,42,Male,HR,Consultant,87231,15-07-2026,22,10:10:10,N,Y
78,Manoj Joshi,33,Female,Finance,Analyst,92317,15-07-2026,15,04:40:10,N,Y
79,Neha Iyer,22,Male,Marketing,Software Engineer,118445,15-07-2026,2,18:10:10,N,Y
80,Suresh Mehta,30,Female,HR,Project Manager,110522,15-07-2026,8,15:10:10,N,Y
81,Neha Iyer,60,Male,HR,Project Manager,31727,15-07-2026,38,04:40:10,N,Y
82,Neha Kapoor,56,Female,Finance,Consultant,100332,15-07-2026,38,18:10:10,N,Y
83,Amit Nair,32,Male,Marketing,Consultant,109168,15-07-2026,11,15:10:10,N,Y
84,Suresh Mehta,45,Male,Operations,Software Engineer,50225,15-07-2026,24,09:40:10,N,Y
85,Ananya Reddy,47,Male,IT,Consultant,75328,15-07-2026,27,23:10:10,N,Y
86,Ananya Nair,31,Male,Operations,Administrator,60883,15-07-2026,11,10:10:10,N,Y
87,Rajesh Sharma,50,Female,HR,Consultant,117534,15-07-2026,30,23:40:10,N,Y
88,Manoj Reddy,31,Male,Finance,Administrator,44942,15-07-2026,11,13:10:10,N,Y
89,Manoj Pillai,27,Male,HR,Sr Administrator,76625,15-07-2026,5,10:10:10,N,Y
90,Neha Reddy,53,Female,Marketing,Analyst,42992,15-07-2026,32,04:40:10,N,Y
91,Amit Nair,46,Female,Marketing,Manager,100478,15-07-2026,25,18:10:10,N,Y
92,Rajesh Joshi,41,Female,IT,Software Engineer,93685,15-07-2026,20,15:10:10,N,Y
93,Kavita Pillai,34,Male,HR,Sr Manager,37335,15-07-2026,12,04:40:10,N,Y
94,Manoj Sharma,31,Female,HR,Sr Analyst,93636,15-07-2026,11,18:10:10,N,Y
95,Neha Iyer,53,Female,Finance,Sr Administrator,75680,15-07-2026,32,15:10:10,N,Y
96,Rajesh Joshi,58,Female,Marketing,Sr Administrator,97013,15-07-2026,40,09:40:10,N,Y
97,Manoj Pillai,26,Male,IT,Jr Administrator,56791,15-07-2026,4,23:10:10,N,Y
98,Rajesh Pillai,26,Male,IT,Sr Administrator,108077,15-07-2026,4,10:10:10,N,Y
99,Ananya Nair,47,Male,Operations,Sr Administrator,59170,15-07-2026,25,23:40:10,N,Y
100,Neha Kapoor,57,Female,HR,Sr Manager,117456,15-07-2026,35,13:10:10,N,Y
101,Pooja Shilpa,42,Female,Operations,Sr Administrator,97013,15-07-2026,25,10:10:10,N,Y
102,Manoj Prabhakar,24,Male,HR,Sr Consultant,117456,15-07-2026,12,04:40:10,N,Y
103,Kapil Pragyan,27,Male,Operations,Sr Administrator,42992,15-07-2026,17,18:10:10,N,Y
104,Santhosh kulkarani,32,Male,HR,Sr Analyst,93685,15-07-2026,19,15:10:10,N,Y
105,Neha Turumari,41,Female,Operations,Sr Consultant,42992,15-07-2026,21,04:40:10,N,Y
